description,label
"Work from home earn money quickly no experience required click link",1
"Limited offer online typing job earn dollars daily",1
"Urgent hiring data entry operator easy job high income",1
"Make money fast from home no skills needed urgent",1
"Part time job online no experience required apply now",1
"Easy money guaranteed work from home today",1
"Work from home 5000 per month no experience needed",1
"Data entry clerk needed immediate start work from home",1
"Online job earn 1000 weekly no investment required",1
"Work at home typing jobs payable daily apply immediately",1
"We are hiring software engineer with JavaScript, React and Python experience. The ideal candidate will have 3+ years of experience in full-stack development and be proficient in modern web technologies. You will work on challenging projects, collaborate with cross-functional teams, and contribute to our product roadmap. Benefits include competitive salary, health insurance, remote work options, and professional development opportunities.",0
"Looking for a marketing manager with 3 years of experience in digital marketing and social media management. The candidate should have strong communication skills and experience with SEO, content marketing, and analytics tools. We offer flexible working hours and a collaborative team environment.",0
"Hiring data analyst with SQL, Python and statistics knowledge. Must be able to analyze large datasets and create meaningful insights. Experience with data visualization tools like Tableau or PowerBI is a plus. Competitive compensation and career growth opportunities available.",0
"Senior UX Designer needed for our product team. Must have experience with user research, wireframing, and prototyping. Knowledge of design systems and accessibility standards is required. Great work-life balance and creative freedom offered.",0
"Project Manager with PMP certification required for IT projects. Responsibilities include coordinating with stakeholders, managing timelines, and ensuring project delivery. Experience with Agile methodologies preferred.",0
"Full-stack developer needed with experience in Node.js, Express, MongoDB, and React. Should be comfortable with REST APIs, Git, and cloud platforms like AWS. Remote work available with flexible hours.",0
"Customer Service Representative needed for inbound calls and emails. Must have excellent communication skills and be computer proficient. Training provided. Benefits include health insurance and paid time off.",0
"Accountant needed with CPA preferred. Responsibilities include financial reporting, tax preparation, and budget management. Experience with QuickBooks required. Competitive salary and bonuses offered.",0
"Human Resources Coordinator for recruitment and onboarding. Must have strong interpersonal skills and HRIS experience. Opportunity for growth within the organization.",0
"Sales Executive with proven track record in B2B sales. Excellent communication and negotiation skills required. Commission-based compensation with uncapped earning potential.",0
"Network Administrator to manage company infrastructure. Must have experience with Cisco routers, firewalls, and network security. Certifications like CCNA are preferred.",0
"Graphic Designer needed with expertise in Adobe Creative Suite. Must have portfolio showcasing branding, print, and digital work. Creative agency environment with diverse clients.",0
"Data Scientist with machine learning and statistical modeling experience. Proficiency in Python, R, and TensorFlow required. Work on cutting-edge AI projects with industry experts.",0
"Business Analyst to gather requirements and create documentation. Must have experience with process mapping and SQL. Opportunity to work across multiple business units.",0
"QA Engineer needed for manual and automated testing. Experience with Selenium, JIRA, and Agile required. Comprehensive training and certification support provided.",0
"DevOps Engineer with AWS, Docker, and Kubernetes experience. Must understand CI/CD pipelines and infrastructure as code. Remote-first company with global team.",0
"Content Writer for blog posts, whitepapers, and marketing materials. Must have excellent writing skills and SEO knowledge. Creative team with flexible schedule.",0
"Financial Analyst to analyze investments and create reports. CFA preferred but not required. Work with senior leadership on strategic decisions.",0
"IT Support Specialist for desktop and network support. CompTIA A+ certification preferred. Great entry-level opportunity with training provided.",0
"Administrative Assistant for calendar management and correspondence. Must be organized and proficient in Microsoft Office. Professional corporate environment.",0

